Solutions,0,Building time,0.043s,Reines Max,17,Reines placees,12
Solutions,1,Building time,0.000s,Reines Max,1,Reines placees,0
Solutions,1,Building time,0.001s,Reines Max,19,Reines placees,7
Solutions,0,Building time,0.001s,Reines Max,15,Reines placees,9
Solutions,1,Building time,0.000s,Reines Max,5,Reines placees,2
Solutions,1,Building time,0.000s,Reines Max,14,Reines placees,0
Solutions,1,Building time,0.000s,Reines Max,15,Reines placees,6
Solutions,1,Building time,0.001s,Reines Max,18,Reines placees,6
Solutions,0,Building time,0.002s,Reines Max,2,Reines placees,0
Solutions,1,Building time,0.000s,Reines Max,9,Reines placees,2
Solutions,0,Building time,0.001s,Reines Max,15,Reines placees,13
Solutions,1,Building time,0.001s,Reines Max,7,Reines placees,1
Solutions,1,Building time,0.000s,Reines Max,10,Reines placees,1
Solutions,1,Building time,0.000s,Reines Max,9,Reines placees,2
Solutions,0,Building time,0.000s,Reines Max,3,Reines placees,0
Solutions,1,Building time,0.001s,Reines Max,18,Reines placees,2
Solutions,1,Building time,0.000s,Reines Max,14,Reines placees,5
Solutions,1,Building time,0.000s,Reines Max,13,Reines placees,3
Solutions,0,Building time,0.000s,Reines Max,6,Reines placees,2
Solutions,1,Building time,0.000s,Reines Max,12,Reines placees,5
Solutions,1,Building time,0.001s,Reines Max,17,Reines placees,5
Solutions,0,Building time,0.000s,Reines Max,2,Reines placees,0
Solutions,0,Building time,0.000s,Reines Max,9,Reines placees,3
Solutions,0,Building time,0.001s,Reines Max,18,Reines placees,11
Solutions,1,Building time,0.001s,Reines Max,18,Reines placees,1
Solutions,1,Building time,0.001s,Reines Max,4,Reines placees,0
Solutions,1,Building time,0.000s,Reines Max,5,Reines placees,1
Solutions,1,Building time,0.000s,Reines Max,1,Reines placees,0
Solutions,0,Building time,0.000s,Reines Max,12,Reines placees,8
Solutions,1,Building time,0.000s,Reines Max,5,Reines placees,3
Solutions,1,Building time,0.001s,Reines Max,19,Reines placees,9
Solutions,0,Building time,0.000s,Reines Max,2,Reines placees,0
Solutions,1,Building time,0.001s,Reines Max,13,Reines placees,5
Solutions,1,Building time,0.000s,Reines Max,7,Reines placees,3
Solutions,1,Building time,0.000s,Reines Max,10,Reines placees,2
Solutions,1,Building time,0.001s,Reines Max,18,Reines placees,8
Solutions,1,Building time,0.001s,Reines Max,15,Reines placees,1
Solutions,1,Building time,0.001s,Reines Max,16,Reines placees,3
Solutions,0,Building time,0.000s,Reines Max,12,Reines placees,4
Solutions,0,Building time,0.000s,Reines Max,3,Reines placees,1
Solutions,1,Building time,0.001s,Reines Max,8,Reines placees,1
Solutions,1,Building time,0.000s,Reines Max,15,Reines placees,10
Solutions,1,Building time,0.000s,Reines Max,17,Reines placees,14
Solutions,1,Building time,0.000s,Reines Max,5,Reines placees,1
Solutions,1,Building time,0.001s,Reines Max,16,Reines placees,1
Solutions,0,Building time,0.000s,Reines Max,12,Reines placees,5
Solutions,1,Building time,0.001s,Reines Max,18,Reines placees,0
Solutions,1,Building time,0.001s,Reines Max,9,Reines placees,4
Solutions,1,Building time,0.000s,Reines Max,7,Reines placees,1
Solutions,1,Building time,0.000s,Reines Max,10,Reines placees,6
Solutions,0,Building time,0.001s,Reines Max,11,Reines placees,7
Solutions,0,Building time,0.000s,Reines Max,4,Reines placees,1
Solutions,0,Building time,0.000s,Reines Max,3,Reines placees,0
Solutions,0,Building time,0.000s,Reines Max,12,Reines placees,5
Solutions,0,Building time,0.001s,Reines Max,17,Reines placees,15
Solutions,0,Building time,0.000s,Reines Max,2,Reines placees,0
Solutions,0,Building time,0.000s,Reines Max,15,Reines placees,9
Solutions,1,Building time,0.000s,Reines Max,8,Reines placees,1
Solutions,0,Building time,0.000s,Reines Max,8,Reines placees,4
Solutions,1,Building time,0.000s,Reines Max,4,Reines placees,2
Solutions,1,Building time,0.000s,Reines Max,9,Reines placees,1
Solutions,0,Building time,0.000s,Reines Max,6,Reines placees,3
Solutions,1,Building time,0.000s,Reines Max,1,Reines placees,0
Solutions,0,Building time,0.000s,Reines Max,18,Reines placees,8
Solutions,1,Building time,0.000s,Reines Max,11,Reines placees,0
Solutions,0,Building time,0.000s,Reines Max,6,Reines placees,3
Solutions,1,Building time,0.000s,Reines Max,5,Reines placees,2
Solutions,0,Building time,0.000s,Reines Max,13,Reines placees,9
Solutions,1,Building time,0.000s,Reines Max,10,Reines placees,1
Solutions,0,Building time,0.000s,Reines Max,3,Reines placees,0
Solutions,0,Building time,0.000s,Reines Max,15,Reines placees,10
Solutions,1,Building time,0.000s,Reines Max,12,Reines placees,0
Solutions,0,Building time,0.000s,Reines Max,16,Reines placees,11
Solutions,0,Building time,0.000s,Reines Max,10,Reines placees,8
Solutions,1,Building time,0.000s,Reines Max,15,Reines placees,4
Solutions,1,Building time,0.000s,Reines Max,13,Reines placees,0
Solutions,0,Building time,0.000s,Reines Max,3,Reines placees,0
Solutions,0,Building time,0.000s,Reines Max,12,Reines placees,8
Solutions,1,Building time,0.000s,Reines Max,7,Reines placees,3
Solutions,0,Building time,0.000s,Reines Max,2,Reines placees,0
Solutions,0,Building time,0.000s,Reines Max,2,Reines placees,0
Solutions,0,Building time,0.000s,Reines Max,18,Reines placees,10
Solutions,1,Building time,0.000s,Reines Max,9,Reines placees,0
Solutions,0,Building time,0.000s,Reines Max,10,Reines placees,7
Solutions,0,Building time,0.000s,Reines Max,19,Reines placees,14
Solutions,1,Building time,0.000s,Reines Max,8,Reines placees,2
Solutions,0,Building time,0.000s,Reines Max,7,Reines placees,2
Solutions,0,Building time,0.000s,Reines Max,9,Reines placees,5
Solutions,1,Building time,0.000s,Reines Max,4,Reines placees,0
Solutions,0,Building time,0.000s,Reines Max,13,Reines placees,8
Solutions,0,Building time,0.000s,Reines Max,2,Reines placees,0
Solutions,1,Building time,0.000s,Reines Max,17,Reines placees,8
Solutions,1,Building time,0.000s,Reines Max,11,Reines placees,3
Solutions,0,Building time,0.000s,Reines Max,14,Reines placees,8
Solutions,0,Building time,0.000s,Reines Max,17,Reines placees,11
Solutions,0,Building time,0.000s,Reines Max,13,Reines placees,9
Solutions,0,Building time,0.000s,Reines Max,17,Reines placees,14
Solutions,0,Building time,0.000s,Reines Max,3,Reines placees,1
Solutions,1,Building time,0.000s,Reines Max,8,Reines placees,2
Solutions,1,Building time,0.000s,Reines Max,18,Reines placees,1
Solutions,0,Building time,0.000s,Reines Max,14,Reines placees,9
Solutions,1,Building time,0.000s,Reines Max,1,Reines placees,0
Solutions,0,Building time,0.000s,Reines Max,9,Reines placees,7
Solutions,0,Building time,0.000s,Reines Max,13,Reines placees,4
Solutions,0,Building time,0.000s,Reines Max,5,Reines placees,3
Solutions,0,Building time,0.000s,Reines Max,16,Reines placees,9
Solutions,1,Building time,0.000s,Reines Max,6,Reines placees,2
Solutions,1,Building time,0.000s,Reines Max,6,Reines placees,0
Solutions,0,Building time,0.000s,Reines Max,15,Reines placees,10
Solutions,1,Building time,0.000s,Reines Max,4,Reines placees,0
Solutions,1,Building time,0.000s,Reines Max,19,Reines placees,8
Solutions,1,Building time,0.000s,Reines Max,4,Reines placees,1
Solutions,1,Building time,0.000s,Reines Max,11,Reines placees,4
Solutions,1,Building time,0.000s,Reines Max,6,Reines placees,1
Solutions,0,Building time,0.000s,Reines Max,3,Reines placees,0
Solutions,0,Building time,0.000s,Reines Max,15,Reines placees,13
Solutions,1,Building time,0.000s,Reines Max,15,Reines placees,7
Solutions,0,Building time,0.000s,Reines Max,8,Reines placees,5
Solutions,0,Building time,0.000s,Reines Max,18,Reines placees,15
Solutions,1,Building time,0.000s,Reines Max,12,Reines placees,1
Solutions,1,Building time,0.000s,Reines Max,5,Reines placees,0
Solutions,0,Building time,0.000s,Reines Max,19,Reines placees,9
Solutions,1,Building time,0.000s,Reines Max,12,Reines placees,4
Solutions,1,Building time,0.000s,Reines Max,13,Reines placees,2
Solutions,1,Building time,0.000s,Reines Max,9,Reines placees,3
Solutions,0,Building time,0.000s,Reines Max,17,Reines placees,12
Solutions,0,Building time,0.000s,Reines Max,14,Reines placees,12
Solutions,1,Building time,0.000s,Reines Max,7,Reines placees,5
Solutions,0,Building time,0.000s,Reines Max,2,Reines placees,0
Solutions,0,Building time,0.000s,Reines Max,7,Reines placees,3
Solutions,1,Building time,0.000s,Reines Max,11,Reines placees,0
Solutions,1,Building time,0.000s,Reines Max,8,Reines placees,3
Solutions,1,Building time,0.000s,Reines Max,15,Reines placees,8
Solutions,0,Building time,0.000s,Reines Max,15,Reines placees,12
Solutions,0,Building time,0.000s,Reines Max,12,Reines placees,8
Solutions,0,Building time,0.001s,Reines Max,16,Reines placees,14
Solutions,0,Building time,0.000s,Reines Max,9,Reines placees,6
Solutions,0,Building time,0.000s,Reines Max,13,Reines placees,10
Solutions,0,Building time,0.000s,Reines Max,14,Reines placees,8
Solutions,1,Building time,0.000s,Reines Max,10,Reines placees,0
Solutions,1,Building time,0.000s,Reines Max,10,Reines placees,3
Solutions,0,Building time,0.000s,Reines Max,18,Reines placees,16
Solutions,1,Building time,0.000s,Reines Max,14,Reines placees,6
Solutions,0,Building time,0.000s,Reines Max,10,Reines placees,5
Solutions,1,Building time,0.000s,Reines Max,8,Reines placees,1
Solutions,1,Building time,0.000s,Reines Max,5,Reines placees,3
Solutions,0,Building time,0.000s,Reines Max,5,Reines placees,3
Solutions,0,Building time,0.000s,Reines Max,11,Reines placees,6
Solutions,0,Building time,0.000s,Reines Max,11,Reines placees,8
Solutions,1,Building time,0.000s,Reines Max,9,Reines placees,0
Solutions,0,Building time,0.000s,Reines Max,15,Reines placees,6
Solutions,1,Building time,0.006s,Reines Max,12,Reines placees,2
Solutions,1,Building time,0.000s,Reines Max,16,Reines placees,2
Solutions,0,Building time,0.000s,Reines Max,2,Reines placees,0
Solutions,1,Building time,0.000s,Reines Max,15,Reines placees,0
Solutions,1,Building time,0.000s,Reines Max,18,Reines placees,6
Solutions,1,Building time,0.000s,Reines Max,16,Reines placees,6
Solutions,0,Building time,0.000s,Reines Max,2,Reines placees,0
Solutions,0,Building time,0.000s,Reines Max,5,Reines placees,3
Solutions,1,Building time,0.000s,Reines Max,19,Reines placees,0
Solutions,0,Building time,0.000s,Reines Max,2,Reines placees,0
Solutions,0,Building time,0.000s,Reines Max,9,Reines placees,4
Solutions,0,Building time,0.000s,Reines Max,19,Reines placees,11
Solutions,0,Building time,0.000s,Reines Max,13,Reines placees,10
Solutions,0,Building time,0.000s,Reines Max,6,Reines placees,2
Solutions,1,Building time,0.000s,Reines Max,5,Reines placees,0
Solutions,0,Building time,0.000s,Reines Max,12,Reines placees,8
Solutions,0,Building time,0.000s,Reines Max,10,Reines placees,8
Solutions,1,Building time,0.000s,Reines Max,14,Reines placees,4
Solutions,1,Building time,0.000s,Reines Max,8,Reines placees,1
Solutions,1,Building time,0.000s,Reines Max,4,Reines placees,1
Solutions,1,Building time,0.000s,Reines Max,5,Reines placees,3
Solutions,0,Building time,0.000s,Reines Max,12,Reines placees,5
Solutions,0,Building time,0.000s,Reines Max,3,Reines placees,1
Solutions,0,Building time,0.000s,Reines Max,6,Reines placees,3
Solutions,1,Building time,0.000s,Reines Max,18,Reines placees,3
Solutions,1,Building time,0.000s,Reines Max,6,Reines placees,1
Solutions,1,Building time,0.000s,Reines Max,4,Reines placees,0
Solutions,1,Building time,0.000s,Reines Max,7,Reines placees,2
Solutions,1,Building time,0.000s,Reines Max,11,Reines placees,2
Solutions,1,Building time,0.000s,Reines Max,9,Reines placees,0
Solutions,1,Building time,0.000s,Reines Max,1,Reines placees,0
Solutions,1,Building time,0.000s,Reines Max,6,Reines placees,0
Solutions,1,Building time,0.000s,Reines Max,1,Reines placees,0
Solutions,0,Building time,0.000s,Reines Max,17,Reines placees,13
Solutions,0,Building time,0.000s,Reines Max,4,Reines placees,2
Solutions,0,Building time,0.000s,Reines Max,14,Reines placees,10
Solutions,1,Building time,0.000s,Reines Max,5,Reines placees,3
Solutions,0,Building time,0.000s,Reines Max,12,Reines placees,9
Solutions,0,Building time,0.000s,Reines Max,2,Reines placees,0
Solutions,0,Building time,0.000s,Reines Max,6,Reines placees,3
Solutions,0,Building time,0.000s,Reines Max,3,Reines placees,1
Solutions,1,Building time,0.000s,Reines Max,16,Reines placees,9
Solutions,0,Building time,0.000s,Reines Max,2,Reines placees,0
Solutions,0,Building time,0.000s,Reines Max,6,Reines placees,4
Solutions,0,Building time,0.000s,Reines Max,18,Reines placees,9
Solutions,1,Building time,0.000s,Reines Max,12,Reines placees,4
Solutions,1,Building time,0.000s,Reines Max,1,Reines placees,0
Solutions,0,Building time,0.000s,Reines Max,4,Reines placees,1
Solutions,0,Building time,0.000s,Reines Max,2,Reines placees,0
Solutions,1,Building time,0.000s,Reines Max,18,Reines placees,4
Solutions,1,Building time,0.000s,Reines Max,1,Reines placees,0
Solutions,0,Building time,0.000s,Reines Max,3,Reines placees,1
Solutions,0,Building time,0.000s,Reines Max,14,Reines placees,10
Solutions,1,Building time,0.000s,Reines Max,13,Reines placees,4
Solutions,0,Building time,0.000s,Reines Max,14,Reines placees,9
Solutions,0,Building time,0.000s,Reines Max,14,Reines placees,8
Solutions,0,Building time,0.000s,Reines Max,10,Reines placees,8
Solutions,1,Building time,0.000s,Reines Max,14,Reines placees,4
Solutions,0,Building time,0.000s,Reines Max,17,Reines placees,11
Solutions,1,Building time,0.000s,Reines Max,10,Reines placees,0
Solutions,1,Building time,0.000s,Reines Max,14,Reines placees,1
Solutions,1,Building time,0.000s,Reines Max,18,Reines placees,5
Solutions,1,Building time,0.000s,Reines Max,8,Reines placees,6
Solutions,1,Building time,0.000s,Reines Max,18,Reines placees,1
Solutions,0,Building time,0.000s,Reines Max,16,Reines placees,11
Solutions,0,Building time,0.000s,Reines Max,15,Reines placees,9
Solutions,0,Building time,0.000s,Reines Max,18,Reines placees,13
Solutions,1,Building time,0.000s,Reines Max,16,Reines placees,5
Solutions,1,Building time,0.000s,Reines Max,18,Reines placees,7
Solutions,1,Building time,0.000s,Reines Max,13,Reines placees,5
Solutions,0,Building time,0.000s,Reines Max,8,Reines placees,3
Solutions,0,Building time,0.000s,Reines Max,2,Reines placees,0
Solutions,0,Building time,0.000s,Reines Max,3,Reines placees,1
Solutions,1,Building time,0.000s,Reines Max,12,Reines placees,0
Solutions,1,Building time,0.000s,Reines Max,15,Reines placees,3
Solutions,1,Building time,0.000s,Reines Max,11,Reines placees,1
Solutions,1,Building time,0.000s,Reines Max,1,Reines placees,0
Solutions,1,Building time,0.000s,Reines Max,6,Reines placees,1
Solutions,1,Building time,0.000s,Reines Max,6,Reines placees,0
Solutions,1,Building time,0.000s,Reines Max,7,Reines placees,0
Solutions,0,Building time,0.000s,Reines Max,15,Reines placees,11
Solutions,0,Building time,0.000s,Reines Max,8,Reines placees,4
Solutions,0,Building time,0.000s,Reines Max,19,Reines placees,14
Solutions,1,Building time,0.000s,Reines Max,15,Reines placees,1
Solutions,0,Building time,0.000s,Reines Max,11,Reines placees,6
Solutions,0,Building time,0.000s,Reines Max,11,Reines placees,3
Solutions,0,Building time,0.000s,Reines Max,3,Reines placees,0
Solutions,0,Building time,0.000s,Reines Max,10,Reines placees,6
Solutions,0,Building time,0.000s,Reines Max,8,Reines placees,6
Solutions,0,Building time,0.000s,Reines Max,3,Reines placees,1
Solutions,1,Building time,0.000s,Reines Max,12,Reines placees,3
Solutions,1,Building time,0.000s,Reines Max,11,Reines placees,2
Solutions,1,Building time,0.000s,Reines Max,18,Reines placees,7
Solutions,1,Building time,0.000s,Reines Max,8,Reines placees,0
Solutions,1,Building time,0.000s,Reines Max,1,Reines placees,0
Solutions,0,Building time,0.000s,Reines Max,4,Reines placees,2
Solutions,0,Building time,0.000s,Reines Max,4,Reines placees,2
Solutions,1,Building time,0.000s,Reines Max,18,Reines placees,5
Solutions,0,Building time,0.000s,Reines Max,7,Reines placees,3
Solutions,1,Building time,0.000s,Reines Max,11,Reines placees,6
Solutions,1,Building time,0.000s,Reines Max,19,Reines placees,2
Solutions,1,Building time,0.000s,Reines Max,18,Reines placees,7
Solutions,1,Building time,0.000s,Reines Max,17,Reines placees,10
Solutions,1,Building time,0.000s,Reines Max,14,Reines placees,2
Solutions,1,Building time,0.000s,Reines Max,12,Reines placees,1
Solutions,0,Building time,0.000s,Reines Max,10,Reines placees,8
Solutions,1,Building time,0.000s,Reines Max,17,Reines placees,9
Solutions,0,Building time,0.000s,Reines Max,18,Reines placees,15
Solutions,0,Building time,0.000s,Reines Max,4,Reines placees,2
Solutions,0,Building time,0.000s,Reines Max,9,Reines placees,6
Solutions,1,Building time,0.000s,Reines Max,11,Reines placees,5
Solutions,1,Building time,0.000s,Reines Max,7,Reines placees,1
Solutions,0,Building time,0.000s,Reines Max,11,Reines placees,4
Solutions,1,Building time,0.000s,Reines Max,18,Reines placees,10
Solutions,1,Building time,0.000s,Reines Max,17,Reines placees,2
Solutions,1,Building time,0.000s,Reines Max,6,Reines placees,0
Solutions,1,Building time,0.000s,Reines Max,11,Reines placees,0
Solutions,1,Building time,0.000s,Reines Max,5,Reines placees,0
Solutions,1,Building time,0.000s,Reines Max,5,Reines placees,2
Solutions,1,Building time,0.000s,Reines Max,6,Reines placees,0
Solutions,1,Building time,0.000s,Reines Max,13,Reines placees,3
Solutions,0,Building time,0.000s,Reines Max,10,Reines placees,4
Solutions,1,Building time,0.005s,Reines Max,16,Reines placees,0
Solutions,1,Building time,0.000s,Reines Max,11,Reines placees,0
Solutions,0,Building time,0.000s,Reines Max,3,Reines placees,0
Solutions,1,Building time,0.001s,Reines Max,10,Reines placees,3
Solutions,0,Building time,0.023s,Reines Max,19,Reines placees,10
Solutions,1,Building time,0.000s,Reines Max,5,Reines placees,2
Solutions,0,Building time,0.000s,Reines Max,11,Reines placees,7
Solutions,1,Building time,0.000s,Reines Max,18,Reines placees,3
Solutions,1,Building time,0.000s,Reines Max,17,Reines placees,4
Solutions,1,Building time,0.000s,Reines Max,13,Reines placees,0
Solutions,1,Building time,0.000s,Reines Max,6,Reines placees,1
Solutions,0,Building time,0.000s,Reines Max,2,Reines placees,0
Solutions,1,Building time,0.000s,Reines Max,17,Reines placees,10
Solutions,1,Building time,0.000s,Reines Max,8,Reines placees,6
Solutions,0,Building time,0.000s,Reines Max,16,Reines placees,13
Solutions,0,Building time,0.000s,Reines Max,13,Reines placees,6
Solutions,0,Building time,0.000s,Reines Max,10,Reines placees,8
Solutions,0,Building time,0.000s,Reines Max,19,Reines placees,13
Solutions,1,Building time,0.000s,Reines Max,4,Reines placees,1
Solutions,0,Building time,0.000s,Reines Max,2,Reines placees,0
Solutions,1,Building time,0.000s,Reines Max,15,Reines placees,0
Solutions,1,Building time,0.000s,Reines Max,7,Reines placees,1
Solutions,0,Building time,0.000s,Reines Max,18,Reines placees,14
Solutions,0,Building time,0.000s,Reines Max,7,Reines placees,5
Solutions,1,Building time,0.000s,Reines Max,13,Reines placees,3
Solutions,0,Building time,0.000s,Reines Max,10,Reines placees,6
Solutions,1,Building time,0.000s,Reines Max,14,Reines placees,8
Solutions,1,Building time,0.000s,Reines Max,18,Reines placees,0
Solutions,1,Building time,0.000s,Reines Max,4,Reines placees,2
Solutions,0,Building time,0.000s,Reines Max,3,Reines placees,1
Solutions,1,Building time,0.000s,Reines Max,4,Reines placees,0
Solutions,1,Building time,0.000s,Reines Max,13,Reines placees,6
Solutions,0,Building time,0.000s,Reines Max,7,Reines placees,4
Solutions,0,Building time,0.000s,Reines Max,3,Reines placees,0
Solutions,0,Building time,0.000s,Reines Max,2,Reines placees,0
Solutions,0,Building time,0.000s,Reines Max,12,Reines placees,7
Solutions,0,Building time,0.000s,Reines Max,13,Reines placees,11
Solutions,1,Building time,0.000s,Reines Max,6,Reines placees,1
Solutions,1,Building time,0.000s,Reines Max,6,Reines placees,1
Solutions,1,Building time,0.000s,Reines Max,5,Reines placees,1
Solutions,1,Building time,0.000s,Reines Max,17,Reines placees,4
Solutions,0,Building time,0.000s,Reines Max,10,Reines placees,5
Solutions,0,Building time,0.000s,Reines Max,2,Reines placees,0
Solutions,0,Building time,0.000s,Reines Max,15,Reines placees,12
Solutions,0,Building time,0.000s,Reines Max,19,Reines placees,16
Solutions,0,Building time,0.000s,Reines Max,2,Reines placees,0
Solutions,0,Building time,0.000s,Reines Max,3,Reines placees,1
Solutions,1,Building time,0.000s,Reines Max,18,Reines placees,9
Solutions,0,Building time,0.000s,Reines Max,9,Reines placees,7
Solutions,1,Building time,0.000s,Reines Max,1,Reines placees,0
Solutions,0,Building time,0.000s,Reines Max,19,Reines placees,13
Solutions,0,Building time,0.000s,Reines Max,14,Reines placees,10
Solutions,1,Building time,0.000s,Reines Max,5,Reines placees,3
Solutions,1,Building time,0.000s,Reines Max,15,Reines placees,4
Solutions,0,Building time,0.000s,Reines Max,3,Reines placees,1
Solutions,0,Building time,0.000s,Reines Max,18,Reines placees,9
Solutions,0,Building time,0.000s,Reines Max,7,Reines placees,4
Solutions,0,Building time,0.000s,Reines Max,2,Reines placees,0
Solutions,0,Building time,0.000s,Reines Max,17,Reines placees,9
Solutions,0,Building time,0.000s,Reines Max,10,Reines placees,7
Solutions,1,Building time,0.000s,Reines Max,11,Reines placees,2
Solutions,1,Building time,0.000s,Reines Max,19,Reines placees,3
Solutions,1,Building time,0.000s,Reines Max,16,Reines placees,10
Solutions,0,Building time,0.003s,Reines Max,13,Reines placees,6
Solutions,0,Building time,0.000s,Reines Max,16,Reines placees,11
Solutions,1,Building time,0.000s,Reines Max,18,Reines placees,6
Solutions,1,Building time,0.000s,Reines Max,5,Reines placees,0
Solutions,0,Building time,0.000s,Reines Max,3,Reines placees,0
Solutions,1,Building time,0.000s,Reines Max,12,Reines placees,3
Solutions,1,Building time,0.000s,Reines Max,1,Reines placees,0
Solutions,1,Building time,0.000s,Reines Max,1,Reines placees,0
Solutions,0,Building time,0.000s,Reines Max,6,Reines placees,2
Solutions,1,Building time,0.000s,Reines Max,1,Reines placees,0
Solutions,1,Building time,0.000s,Reines Max,14,Reines placees,2
Solutions,1,Building time,0.000s,Reines Max,6,Reines placees,1
Solutions,1,Building time,0.000s,Reines Max,1,Reines placees,0
Solutions,1,Building time,0.000s,Reines Max,19,Reines placees,5
Solutions,1,Building time,0.000s,Reines Max,15,Reines placees,6
Solutions,1,Building time,0.000s,Reines Max,6,Reines placees,0
Solutions,1,Building time,0.000s,Reines Max,19,Reines placees,7
Solutions,0,Building time,0.000s,Reines Max,2,Reines placees,0
Solutions,1,Building time,0.000s,Reines Max,13,Reines placees,5
Solutions,0,Building time,0.000s,Reines Max,16,Reines placees,13
Solutions,1,Building time,0.000s,Reines Max,9,Reines placees,7
Solutions,1,Building time,0.000s,Reines Max,6,Reines placees,0
Solutions,1,Building time,0.000s,Reines Max,12,Reines placees,5
Solutions,1,Building time,0.000s,Reines Max,12,Reines placees,2
Solutions,1,Building time,0.000s,Reines Max,15,Reines placees,7
Solutions,0,Building time,0.000s,Reines Max,3,Reines placees,1
Solutions,0,Building time,0.000s,Reines Max,2,Reines placees,0
Solutions,0,Building time,0.000s,Reines Max,2,Reines placees,0
Solutions,0,Building time,0.000s,Reines Max,2,Reines placees,0
Solutions,0,Building time,0.000s,Reines Max,16,Reines placees,10
Solutions,0,Building time,0.000s,Reines Max,18,Reines placees,15
Solutions,0,Building time,0.000s,Reines Max,16,Reines placees,13
Solutions,0,Building time,0.000s,Reines Max,6,Reines placees,3
Solutions,1,Building time,0.000s,Reines Max,7,Reines placees,3
Solutions,0,Building time,0.000s,Reines Max,2,Reines placees,0
Solutions,0,Building time,0.000s,Reines Max,15,Reines placees,13
Solutions,0,Building time,0.000s,Reines Max,17,Reines placees,15
Solutions,0,Building time,0.000s,Reines Max,9,Reines placees,5
Solutions,1,Building time,0.000s,Reines Max,1,Reines placees,0
Solutions,0,Building time,0.000s,Reines Max,2,Reines placees,0
Solutions,1,Building time,0.000s,Reines Max,4,Reines placees,0
Solutions,0,Building time,0.000s,Reines Max,17,Reines placees,13
Solutions,0,Building time,0.000s,Reines Max,6,Reines placees,2
Solutions,0,Building time,0.000s,Reines Max,2,Reines placees,0
Solutions,1,Building time,0.000s,Reines Max,15,Reines placees,0
Solutions,0,Building time,0.000s,Reines Max,15,Reines placees,9
Solutions,0,Building time,0.000s,Reines Max,16,Reines placees,13
Solutions,0,Building time,0.000s,Reines Max,2,Reines placees,0
Solutions,0,Building time,0.000s,Reines Max,19,Reines placees,15
Solutions,1,Building time,0.000s,Reines Max,5,Reines placees,3
Solutions,0,Building time,0.000s,Reines Max,3,Reines placees,1
Solutions,1,Building time,0.000s,Reines Max,1,Reines placees,0
Solutions,1,Building time,0.000s,Reines Max,16,Reines placees,3
Solutions,0,Building time,0.000s,Reines Max,8,Reines placees,5
Solutions,1,Building time,0.000s,Reines Max,1,Reines placees,0
Solutions,1,Building time,0.000s,Reines Max,8,Reines placees,1
Solutions,0,Building time,0.000s,Reines Max,4,Reines placees,1
Solutions,1,Building time,0.000s,Reines Max,1,Reines placees,0
Solutions,1,Building time,0.000s,Reines Max,4,Reines placees,2
Solutions,0,Building time,0.000s,Reines Max,2,Reines placees,0
Solutions,0,Building time,0.000s,Reines Max,4,Reines placees,2
Solutions,0,Building time,0.000s,Reines Max,15,Reines placees,9
Solutions,1,Building time,0.000s,Reines Max,15,Reines placees,0
Solutions,0,Building time,0.000s,Reines Max,4,Reines placees,2
Solutions,0,Building time,0.000s,Reines Max,8,Reines placees,6
Solutions,1,Building time,0.000s,Reines Max,8,Reines placees,0
Solutions,0,Building time,0.000s,Reines Max,11,Reines placees,4
Solutions,0,Building time,0.000s,Reines Max,9,Reines placees,7
Solutions,1,Building time,0.000s,Reines Max,12,Reines placees,2
Solutions,1,Building time,0.000s,Reines Max,1,Reines placees,0
Solutions,1,Building time,0.000s,Reines Max,1,Reines placees,0
Solutions,0,Building time,0.000s,Reines Max,13,Reines placees,9
Solutions,1,Building time,0.000s,Reines Max,16,Reines placees,0
Solutions,0,Building time,0.000s,Reines Max,18,Reines placees,13
Solutions,1,Building time,0.000s,Reines Max,6,Reines placees,1
Solutions,0,Building time,0.000s,Reines Max,19,Reines placees,17
Solutions,0,Building time,0.000s,Reines Max,4,Reines placees,2
Solutions,0,Building time,0.000s,Reines Max,6,Reines placees,2
Solutions,0,Building time,0.000s,Reines Max,12,Reines placees,9
Solutions,0,Building time,0.000s,Reines Max,8,Reines placees,4
Solutions,1,Building time,0.000s,Reines Max,18,Reines placees,5
Solutions,1,Building time,0.000s,Reines Max,1,Reines placees,0
Solutions,1,Building time,0.000s,Reines Max,12,Reines placees,4
Solutions,0,Building time,0.000s,Reines Max,19,Reines placees,17
Solutions,0,Building time,0.000s,Reines Max,14,Reines placees,8
Solutions,1,Building time,0.000s,Reines Max,1,Reines placees,0
Solutions,1,Building time,0.000s,Reines Max,12,Reines placees,1
Solutions,1,Building time,0.000s,Reines Max,12,Reines placees,4
Solutions,1,Building time,0.000s,Reines Max,5,Reines placees,2
Solutions,1,Building time,0.000s,Reines Max,17,Reines placees,3
Solutions,1,Building time,0.000s,Reines Max,7,Reines placees,3
Solutions,0,Building time,0.000s,Reines Max,6,Reines placees,2
Solutions,0,Building time,0.000s,Reines Max,10,Reines placees,4
Solutions,1,Building time,0.000s,Reines Max,18,Reines placees,9
Solutions,1,Building time,0.000s,Reines Max,7,Reines placees,1
Solutions,0,Building time,0.000s,Reines Max,9,Reines placees,5
Solutions,1,Building time,0.000s,Reines Max,8,Reines placees,2
Solutions,1,Building time,0.000s,Reines Max,16,Reines placees,0
Solutions,1,Building time,0.000s,Reines Max,9,Reines placees,6
Solutions,1,Building time,0.000s,Reines Max,8,Reines placees,3
Solutions,1,Building time,0.000s,Reines Max,9,Reines placees,1
Solutions,0,Building time,0.000s,Reines Max,18,Reines placees,13
Solutions,0,Building time,0.000s,Reines Max,9,Reines placees,5
Solutions,0,Building time,0.000s,Reines Max,13,Reines placees,11
Solutions,0,Building time,0.000s,Reines Max,12,Reines placees,10
Solutions,1,Building time,0.000s,Reines Max,9,Reines placees,2
Solutions,1,Building time,0.000s,Reines Max,1,Reines placees,0
Solutions,0,Building time,0.000s,Reines Max,13,Reines placees,10
Solutions,0,Building time,0.000s,Reines Max,2,Reines placees,0
Solutions,1,Building time,0.000s,Reines Max,6,Reines placees,0
Solutions,1,Building time,0.000s,Reines Max,11,Reines placees,2
Solutions,0,Building time,0.000s,Reines Max,19,Reines placees,16
Solutions,1,Building time,0.000s,Reines Max,18,Reines placees,16
Solutions,1,Building time,0.000s,Reines Max,19,Reines placees,6
Solutions,0,Building time,0.000s,Reines Max,17,Reines placees,9
Solutions,0,Building time,0.000s,Reines Max,18,Reines placees,10
Solutions,0,Building time,0.000s,Reines Max,3,Reines placees,1
Solutions,1,Building time,0.000s,Reines Max,10,Reines placees,1
Solutions,1,Building time,0.000s,Reines Max,13,Reines placees,3
Solutions,0,Building time,0.000s,Reines Max,14,Reines placees,9
Solutions,0,Building time,0.000s,Reines Max,16,Reines placees,7
Solutions,1,Building time,0.000s,Reines Max,7,Reines placees,4
Solutions,1,Building time,0.000s,Reines Max,19,Reines placees,5
Solutions,1,Building time,0.000s,Reines Max,19,Reines placees,10
Solutions,1,Building time,0.000s,Reines Max,16,Reines placees,2
Solutions,1,Building time,0.000s,Reines Max,17,Reines placees,1
Solutions,0,Building time,0.000s,Reines Max,2,Reines placees,0
Solutions,0,Building time,0.000s,Reines Max,8,Reines placees,6
Solutions,0,Building time,0.000s,Reines Max,11,Reines placees,9
Solutions,1,Building time,0.000s,Reines Max,13,Reines placees,0
Solutions,1,Building time,0.000s,Reines Max,12,Reines placees,5
Solutions,1,Building time,0.000s,Reines Max,7,Reines placees,3
Solutions,0,Building time,0.000s,Reines Max,4,Reines placees,2
Solutions,0,Building time,0.000s,Reines Max,13,Reines placees,5
Solutions,1,Building time,0.000s,Reines Max,17,Reines placees,5
Solutions,1,Building time,0.000s,Reines Max,13,Reines placees,2
Solutions,1,Building time,0.000s,Reines Max,12,Reines placees,0
Solutions,1,Building time,0.000s,Reines Max,8,Reines placees,2
Solutions,0,Building time,0.000s,Reines Max,13,Reines placees,7
Solutions,0,Building time,0.000s,Reines Max,2,Reines placees,0
Solutions,1,Building time,0.000s,Reines Max,5,Reines placees,1
Solutions,0,Building time,0.000s,Reines Max,10,Reines placees,7
Solutions,1,Building time,0.000s,Reines Max,1,Reines placees,0
Solutions,1,Building time,0.000s,Reines Max,11,Reines placees,3
Solutions,0,Building time,0.000s,Reines Max,13,Reines placees,11
Solutions,1,Building time,0.000s,Reines Max,13,Reines placees,1
Solutions,0,Building time,0.000s,Reines Max,8,Reines placees,5
Solutions,0,Building time,0.000s,Reines Max,2,Reines placees,0
Solutions,0,Building time,0.000s,Reines Max,11,Reines placees,9
Solutions,0,Building time,0.000s,Reines Max,2,Reines placees,0
Solutions,0,Building time,0.000s,Reines Max,19,Reines placees,13
Solutions,1,Building time,0.000s,Reines Max,1,Reines placees,0
Solutions,0,Building time,0.000s,Reines Max,11,Reines placees,7
Solutions,0,Building time,0.000s,Reines Max,15,Reines placees,10
Solutions,1,Building time,0.000s,Reines Max,8,Reines placees,3
Solutions,0,Building time,0.000s,Reines Max,16,Reines placees,10
Solutions,1,Building time,0.000s,Reines Max,16,Reines placees,2
Solutions,1,Building time,0.000s,Reines Max,17,Reines placees,2
Solutions,0,Building time,0.000s,Reines Max,3,Reines placees,1
Solutions,0,Building time,0.000s,Reines Max,5,Reines placees,2
Solutions,0,Building time,0.000s,Reines Max,7,Reines placees,5
Solutions,1,Building time,0.000s,Reines Max,4,Reines placees,1
Solutions,0,Building time,0.000s,Reines Max,17,Reines placees,12
Solutions,1,Building time,0.000s,Reines Max,1,Reines placees,0
Solutions,1,Building time,0.000s,Reines Max,12,Reines placees,2
Solutions,1,Building time,0.000s,Reines Max,11,Reines placees,3
Solutions,1,Building time,0.000s,Reines Max,5,Reines placees,3
Solutions,1,Building time,0.000s,Reines Max,14,Reines placees,1
Solutions,1,Building time,0.000s,Reines Max,1,Reines placees,0
Solutions,1,Building time,0.000s,Reines Max,8,Reines placees,0
Solutions,0,Building time,0.000s,Reines Max,8,Reines placees,3
Solutions,1,Building time,0.000s,Reines Max,1,Reines placees,0
Solutions,1,Building time,0.000s,Reines Max,1,Reines placees,0
Solutions,0,Building time,0.000s,Reines Max,6,Reines placees,3
Solutions,1,Building time,0.000s,Reines Max,5,Reines placees,1
Solutions,0,Building time,0.000s,Reines Max,9,Reines placees,5
Solutions,1,Building time,0.000s,Reines Max,18,Reines placees,5
Solutions,0,Building time,0.000s,Reines Max,19,Reines placees,13
Solutions,1,Building time,0.000s,Reines Max,1,Reines placees,0
Solutions,1,Building time,0.000s,Reines Max,4,Reines placees,0
Solutions,0,Building time,0.000s,Reines Max,2,Reines placees,0
Solutions,1,Building time,0.000s,Reines Max,10,Reines placees,2
Solutions,1,Building time,0.000s,Reines Max,19,Reines placees,1
Solutions,1,Building time,0.000s,Reines Max,1,Reines placees,0
Solutions,0,Building time,0.000s,Reines Max,14,Reines placees,12
Solutions,1,Building time,0.000s,Reines Max,19,Reines placees,5
Solutions,1,Building time,0.000s,Reines Max,8,Reines placees,0
Solutions,1,Building time,0.000s,Reines Max,1,Reines placees,0
Solutions,1,Building time,0.000s,Reines Max,6,Reines placees,3
Solutions,1,Building time,0.000s,Reines Max,17,Reines placees,5
Solutions,1,Building time,0.000s,Reines Max,19,Reines placees,6
Solutions,0,Building time,0.000s,Reines Max,6,Reines placees,2
Solutions,0,Building time,0.000s,Reines Max,2,Reines placees,0
Solutions,1,Building time,0.000s,Reines Max,13,Reines placees,0
Solutions,0,Building time,0.000s,Reines Max,12,Reines placees,5
Solutions,1,Building time,0.000s,Reines Max,13,Reines placees,3
Solutions,1,Building time,0.000s,Reines Max,4,Reines placees,0
Solutions,1,Building time,0.003s,Reines Max,10,Reines placees,4
Solutions,1,Building time,0.000s,Reines Max,8,Reines placees,0
Solutions,1,Building time,0.000s,Reines Max,6,Reines placees,0
Solutions,1,Building time,0.000s,Reines Max,14,Reines placees,5
Solutions,0,Building time,0.000s,Reines Max,12,Reines placees,6
Solutions,0,Building time,0.000s,Reines Max,3,Reines placees,0
Solutions,1,Building time,0.000s,Reines Max,5,Reines placees,0
Solutions,1,Building time,0.000s,Reines Max,12,Reines placees,3
Solutions,1,Building time,0.000s,Reines Max,13,Reines placees,4
Solutions,1,Building time,0.000s,Reines Max,19,Reines placees,1
Solutions,1,Building time,0.000s,Reines Max,15,Reines placees,3
Solutions,0,Building time,0.000s,Reines Max,17,Reines placees,11
Solutions,1,Building time,0.000s,Reines Max,10,Reines placees,0
Solutions,0,Building time,0.000s,Reines Max,4,Reines placees,1
Solutions,0,Building time,0.000s,Reines Max,17,Reines placees,9
Solutions,0,Building time,0.000s,Reines Max,4,Reines placees,2
Solutions,0,Building time,0.000s,Reines Max,7,Reines placees,4
Solutions,1,Building time,0.000s,Reines Max,1,Reines placees,0
Solutions,1,Building time,0.000s,Reines Max,1,Reines placees,0
Solutions,0,Building time,0.000s,Reines Max,17,Reines placees,15
Solutions,1,Building time,0.000s,Reines Max,8,Reines placees,3
Solutions,0,Building time,0.000s,Reines Max,9,Reines placees,5
Solutions,0,Building time,0.000s,Reines Max,3,Reines placees,0
Solutions,1,Building time,0.000s,Reines Max,14,Reines placees,6
Solutions,0,Building time,0.000s,Reines Max,8,Reines placees,3
Solutions,1,Building time,0.001s,Reines Max,16,Reines placees,1
Solutions,0,Building time,0.000s,Reines Max,3,Reines placees,1
Solutions,1,Building time,0.000s,Reines Max,5,Reines placees,0
Solutions,1,Building time,0.000s,Reines Max,5,Reines placees,2
Solutions,1,Building time,0.000s,Reines Max,18,Reines placees,2
Solutions,1,Building time,0.000s,Reines Max,7,Reines placees,2
Solutions,1,Building time,0.000s,Reines Max,4,Reines placees,1
Solutions,1,Building time,0.000s,Reines Max,1,Reines placees,0
Solutions,0,Building time,0.000s,Reines Max,12,Reines placees,8
Solutions,1,Building time,0.000s,Reines Max,5,Reines placees,3
Solutions,0,Building time,0.000s,Reines Max,8,Reines placees,5
Solutions,0,Building time,0.000s,Reines Max,12,Reines placees,6
Solutions,0,Building time,0.000s,Reines Max,10,Reines placees,7
Solutions,0,Building time,0.000s,Reines Max,7,Reines placees,2
Solutions,0,Building time,0.000s,Reines Max,8,Reines placees,5
Solutions,0,Building time,0.000s,Reines Max,4,Reines placees,2
Solutions,1,Building time,0.000s,Reines Max,18,Reines placees,6
Solutions,0,Building time,0.000s,Reines Max,4,Reines placees,1
Solutions,0,Building time,0.000s,Reines Max,11,Reines placees,7
Solutions,1,Building time,0.000s,Reines Max,1,Reines placees,0
Solutions,1,Building time,0.000s,Reines Max,7,Reines placees,2
Solutions,1,Building time,0.000s,Reines Max,4,Reines placees,0
Solutions,0,Building time,0.000s,Reines Max,18,Reines placees,14
Solutions,0,Building time,0.000s,Reines Max,10,Reines placees,6
Solutions,1,Building time,0.000s,Reines Max,4,Reines placees,0
Solutions,0,Building time,0.000s,Reines Max,3,Reines placees,0
Solutions,0,Building time,0.000s,Reines Max,8,Reines placees,5
Solutions,0,Building time,0.000s,Reines Max,14,Reines placees,10
Solutions,1,Building time,0.000s,Reines Max,4,Reines placees,0
Solutions,0,Building time,0.000s,Reines Max,2,Reines placees,0
Solutions,1,Building time,0.000s,Reines Max,7,Reines placees,1
Solutions,1,Building time,0.000s,Reines Max,11,Reines placees,0
Solutions,1,Building time,0.000s,Reines Max,18,Reines placees,7
Solutions,0,Building time,0.000s,Reines Max,3,Reines placees,1
Solutions,0,Building time,0.000s,Reines Max,13,Reines placees,6
Solutions,1,Building time,0.000s,Reines Max,1,Reines placees,0
Solutions,1,Building time,0.000s,Reines Max,8,Reines placees,1
Solutions,0,Building time,0.000s,Reines Max,7,Reines placees,4
Solutions,1,Building time,0.000s,Reines Max,5,Reines placees,2
Solutions,0,Building time,0.000s,Reines Max,2,Reines placees,0
Solutions,0,Building time,0.000s,Reines Max,13,Reines placees,6
Solutions,1,Building time,0.000s,Reines Max,14,Reines placees,4
Solutions,1,Building time,0.001s,Reines Max,5,Reines placees,0
Solutions,1,Building time,0.000s,Reines Max,4,Reines placees,0
Solutions,0,Building time,0.000s,Reines Max,15,Reines placees,6
Solutions,1,Building time,0.000s,Reines Max,14,Reines placees,9
Solutions,1,Building time,0.000s,Reines Max,11,Reines placees,1
Solutions,0,Building time,0.000s,Reines Max,17,Reines placees,9
Solutions,0,Building time,0.000s,Reines Max,2,Reines placees,0
Solutions,0,Building time,0.000s,Reines Max,13,Reines placees,7
Solutions,1,Building time,0.000s,Reines Max,1,Reines placees,0
Solutions,1,Building time,0.000s,Reines Max,18,Reines placees,1
Solutions,0,Building time,0.000s,Reines Max,12,Reines placees,5
Solutions,0,Building time,0.000s,Reines Max,14,Reines placees,8
Solutions,1,Building time,0.000s,Reines Max,7,Reines placees,0
Solutions,1,Building time,0.000s,Reines Max,10,Reines placees,0
Solutions,1,Building time,0.000s,Reines Max,5,Reines placees,0
Solutions,0,Building time,0.000s,Reines Max,3,Reines placees,1
Solutions,0,Building time,0.000s,Reines Max,12,Reines placees,10
Solutions,1,Building time,0.000s,Reines Max,19,Reines placees,6
Solutions,1,Building time,0.000s,Reines Max,18,Reines placees,1
Solutions,0,Building time,0.000s,Reines Max,17,Reines placees,8
Solutions,1,Building time,0.000s,Reines Max,18,Reines placees,8
Solutions,1,Building time,0.000s,Reines Max,15,Reines placees,4
Solutions,0,Building time,0.000s,Reines Max,3,Reines placees,0
Solutions,0,Building time,0.000s,Reines Max,17,Reines placees,12
Solutions,0,Building time,0.000s,Reines Max,4,Reines placees,1
Solutions,0,Building time,0.000s,Reines Max,16,Reines placees,14
Solutions,1,Building time,0.000s,Reines Max,1,Reines placees,0
Solutions,1,Building time,0.000s,Reines Max,14,Reines placees,9
Solutions,1,Building time,0.000s,Reines Max,15,Reines placees,5
Solutions,0,Building time,0.000s,Reines Max,19,Reines placees,9
Solutions,0,Building time,0.000s,Reines Max,10,Reines placees,5
Solutions,0,Building time,0.000s,Reines Max,17,Reines placees,12
Solutions,1,Building time,0.000s,Reines Max,4,Reines placees,0
Solutions,0,Building time,0.000s,Reines Max,12,Reines placees,8
Solutions,1,Building time,0.000s,Reines Max,16,Reines placees,4
Solutions,0,Building time,0.000s,Reines Max,6,Reines placees,4
Solutions,1,Building time,0.000s,Reines Max,6,Reines placees,0
Solutions,1,Building time,0.000s,Reines Max,1,Reines placees,0
Solutions,0,Building time,0.000s,Reines Max,2,Reines placees,0
Solutions,1,Building time,0.000s,Reines Max,16,Reines placees,5
Solutions,0,Building time,0.000s,Reines Max,6,Reines placees,3
Solutions,1,Building time,0.000s,Reines Max,8,Reines placees,1
Solutions,1,Building time,0.000s,Reines Max,15,Reines placees,3
Solutions,1,Building time,0.000s,Reines Max,5,Reines placees,0
Solutions,1,Building time,0.000s,Reines Max,1,Reines placees,0
Solutions,0,Building time,0.000s,Reines Max,19,Reines placees,16
Solutions,1,Building time,0.000s,Reines Max,8,Reines placees,0
Solutions,0,Building time,0.000s,Reines Max,9,Reines placees,7
Solutions,0,Building time,0.000s,Reines Max,7,Reines placees,4
Solutions,1,Building time,0.000s,Reines Max,7,Reines placees,0
Solutions,1,Building time,0.000s,Reines Max,15,Reines placees,0
Solutions,1,Building time,0.000s,Reines Max,12,Reines placees,2
Solutions,0,Building time,0.000s,Reines Max,2,Reines placees,0
Solutions,0,Building time,0.000s,Reines Max,14,Reines placees,9
Solutions,1,Building time,0.000s,Reines Max,19,Reines placees,6
Solutions,0,Building time,0.000s,Reines Max,10,Reines placees,6
Solutions,0,Building time,0.000s,Reines Max,3,Reines placees,1
Solutions,0,Building time,0.000s,Reines Max,4,Reines placees,1
Solutions,0,Building time,0.000s,Reines Max,3,Reines placees,0
Solutions,1,Building time,0.000s,Reines Max,9,Reines placees,3
Solutions,1,Building time,0.000s,Reines Max,4,Reines placees,0
Solutions,0,Building time,0.000s,Reines Max,8,Reines placees,4
Solutions,1,Building time,0.000s,Reines Max,13,Reines placees,0
Solutions,1,Building time,0.000s,Reines Max,1,Reines placees,0
Solutions,1,Building time,0.000s,Reines Max,7,Reines placees,2
Solutions,0,Building time,0.000s,Reines Max,2,Reines placees,0
Solutions,1,Building time,0.000s,Reines Max,15,Reines placees,5
Solutions,1,Building time,0.000s,Reines Max,13,Reines placees,1
Solutions,0,Building time,0.000s,Reines Max,6,Reines placees,2
Solutions,1,Building time,0.000s,Reines Max,7,Reines placees,0
Solutions,0,Building time,0.000s,Reines Max,15,Reines placees,13
Solutions,0,Building time,0.000s,Reines Max,8,Reines placees,4
Solutions,1,Building time,0.000s,Reines Max,4,Reines placees,1
Solutions,1,Building time,0.000s,Reines Max,6,Reines placees,1
Solutions,0,Building time,0.000s,Reines Max,19,Reines placees,13
Solutions,0,Building time,0.000s,Reines Max,2,Reines placees,0
Solutions,1,Building time,0.000s,Reines Max,5,Reines placees,2
Solutions,1,Building time,0.000s,Reines Max,19,Reines placees,10
Solutions,1,Building time,0.000s,Reines Max,11,Reines placees,3
Solutions,1,Building time,0.000s,Reines Max,19,Reines placees,14
Solutions,0,Building time,0.000s,Reines Max,8,Reines placees,6
Solutions,0,Building time,0.000s,Reines Max,6,Reines placees,2
Solutions,1,Building time,0.000s,Reines Max,9,Reines placees,3
Solutions,0,Building time,0.000s,Reines Max,11,Reines placees,5
Solutions,1,Building time,0.000s,Reines Max,9,Reines placees,1
Solutions,1,Building time,0.000s,Reines Max,10,Reines placees,1
Solutions,0,Building time,0.000s,Reines Max,12,Reines placees,8
Solutions,0,Building time,0.000s,Reines Max,2,Reines placees,0
Solutions,0,Building time,0.000s,Reines Max,6,Reines placees,4
Solutions,1,Building time,0.000s,Reines Max,4,Reines placees,1
Solutions,0,Building time,0.000s,Reines Max,7,Reines placees,5
Solutions,0,Building time,0.000s,Reines Max,3,Reines placees,1
Solutions,1,Building time,0.000s,Reines Max,12,Reines placees,5
Solutions,0,Building time,0.000s,Reines Max,3,Reines placees,0
Solutions,1,Building time,0.000s,Reines Max,10,Reines placees,0
Solutions,0,Building time,0.000s,Reines Max,10,Reines placees,6
Solutions,1,Building time,0.000s,Reines Max,9,Reines placees,1
Solutions,0,Building time,0.000s,Reines Max,18,Reines placees,10
Solutions,0,Building time,0.000s,Reines Max,6,Reines placees,2
Solutions,1,Building time,0.000s,Reines Max,15,Reines placees,6
Solutions,0,Building time,0.000s,Reines Max,3,Reines placees,0
Solutions,0,Building time,0.000s,Reines Max,12,Reines placees,9
Solutions,0,Building time,0.000s,Reines Max,8,Reines placees,3
Solutions,0,Building time,0.000s,Reines Max,7,Reines placees,5
Solutions,1,Building time,0.000s,Reines Max,1,Reines placees,0
Solutions,1,Building time,0.000s,Reines Max,17,Reines placees,11
Solutions,0,Building time,0.000s,Reines Max,3,Reines placees,1
Solutions,1,Building time,0.000s,Reines Max,10,Reines placees,2
Solutions,1,Building time,0.000s,Reines Max,12,Reines placees,0
Solutions,0,Building time,0.000s,Reines Max,13,Reines placees,8
Solutions,1,Building time,0.000s,Reines Max,13,Reines placees,5
Solutions,0,Building time,0.000s,Reines Max,2,Reines placees,0
Solutions,0,Building time,0.000s,Reines Max,15,Reines placees,9
Solutions,1,Building time,0.000s,Reines Max,19,Reines placees,7
Solutions,0,Building time,0.000s,Reines Max,5,Reines placees,3
Solutions,1,Building time,0.000s,Reines Max,13,Reines placees,4
Solutions,0,Building time,0.000s,Reines Max,8,Reines placees,4
Solutions,0,Building time,0.000s,Reines Max,2,Reines placees,0
Solutions,0,Building time,0.000s,Reines Max,12,Reines placees,7
Solutions,1,Building time,0.000s,Reines Max,5,Reines placees,3
Solutions,1,Building time,0.000s,Reines Max,16,Reines placees,0
Solutions,0,Building time,0.000s,Reines Max,7,Reines placees,5
Solutions,0,Building time,0.000s,Reines Max,6,Reines placees,2
Solutions,0,Building time,0.000s,Reines Max,2,Reines placees,0
Solutions,0,Building time,0.000s,Reines Max,2,Reines placees,0
Solutions,0,Building time,0.000s,Reines Max,3,Reines placees,1
Solutions,1,Building time,0.000s,Reines Max,15,Reines placees,0
Solutions,1,Building time,0.000s,Reines Max,9,Reines placees,2
Solutions,1,Building time,0.000s,Reines Max,5,Reines placees,0
Solutions,0,Building time,0.000s,Reines Max,10,Reines placees,7
Solutions,0,Building time,0.000s,Reines Max,3,Reines placees,1
Solutions,1,Building time,0.000s,Reines Max,18,Reines placees,0
Solutions,0,Building time,0.000s,Reines Max,15,Reines placees,12
Solutions,1,Building time,0.000s,Reines Max,13,Reines placees,2
Solutions,1,Building time,0.000s,Reines Max,5,Reines placees,1
Solutions,1,Building time,0.004s,Reines Max,14,Reines placees,2
Solutions,1,Building time,0.000s,Reines Max,1,Reines placees,0
Solutions,1,Building time,0.000s,Reines Max,1,Reines placees,0
Solutions,0,Building time,0.000s,Reines Max,3,Reines placees,1
Solutions,1,Building time,0.000s,Reines Max,1,Reines placees,0
Solutions,0,Building time,0.000s,Reines Max,8,Reines placees,6
Solutions,0,Building time,0.000s,Reines Max,3,Reines placees,1
Solutions,1,Building time,0.000s,Reines Max,5,Reines placees,1
Solutions,1,Building time,0.000s,Reines Max,9,Reines placees,2
Solutions,1,Building time,0.000s,Reines Max,5,Reines placees,2
Solutions,1,Building time,0.000s,Reines Max,15,Reines placees,11
Solutions,1,Building time,0.000s,Reines Max,16,Reines placees,4
Solutions,1,Building time,0.000s,Reines Max,15,Reines placees,0
Solutions,1,Building time,0.000s,Reines Max,5,Reines placees,1
Solutions,1,Building time,0.000s,Reines Max,13,Reines placees,2
Solutions,1,Building time,0.000s,Reines Max,18,Reines placees,8
Solutions,0,Building time,0.000s,Reines Max,4,Reines placees,1
Solutions,0,Building time,0.000s,Reines Max,8,Reines placees,2
Solutions,0,Building time,0.000s,Reines Max,13,Reines placees,7
Solutions,0,Building time,0.000s,Reines Max,17,Reines placees,10
Solutions,0,Building time,0.000s,Reines Max,4,Reines placees,2
Solutions,0,Building time,0.000s,Reines Max,17,Reines placees,10
Solutions,0,Building time,0.000s,Reines Max,6,Reines placees,4
Solutions,0,Building time,0.000s,Reines Max,16,Reines placees,9
Solutions,1,Building time,0.000s,Reines Max,14,Reines placees,4
Solutions,1,Building time,0.000s,Reines Max,16,Reines placees,3
Solutions,0,Building time,0.000s,Reines Max,18,Reines placees,9
Solutions,0,Building time,0.000s,Reines Max,7,Reines placees,4
Solutions,1,Building time,0.000s,Reines Max,16,Reines placees,3
Solutions,0,Building time,0.000s,Reines Max,14,Reines placees,11
Solutions,0,Building time,0.000s,Reines Max,6,Reines placees,4
Solutions,1,Building time,0.000s,Reines Max,15,Reines placees,4
Solutions,0,Building time,0.000s,Reines Max,12,Reines placees,6
Solutions,0,Building time,0.000s,Reines Max,13,Reines placees,8
Solutions,1,Building time,0.000s,Reines Max,14,Reines placees,4
Solutions,1,Building time,0.000s,Reines Max,9,Reines placees,1
Solutions,0,Building time,0.000s,Reines Max,2,Reines placees,0
Solutions,1,Building time,0.000s,Reines Max,18,Reines placees,2
Solutions,1,Building time,0.000s,Reines Max,12,Reines placees,2
Solutions,1,Building time,0.000s,Reines Max,15,Reines placees,1
Solutions,1,Building time,0.000s,Reines Max,18,Reines placees,3
Solutions,1,Building time,0.000s,Reines Max,13,Reines placees,5
Solutions,0,Building time,0.000s,Reines Max,13,Reines placees,10
Solutions,1,Building time,0.000s,Reines Max,8,Reines placees,2
Solutions,0,Building time,0.000s,Reines Max,11,Reines placees,8
Solutions,0,Building time,0.000s,Reines Max,13,Reines placees,6
Solutions,1,Building time,0.000s,Reines Max,6,Reines placees,0
Solutions,1,Building time,0.000s,Reines Max,17,Reines placees,6
Solutions,0,Building time,0.000s,Reines Max,11,Reines placees,4
Solutions,0,Building time,0.001s,Reines Max,11,Reines placees,5
Solutions,1,Building time,0.000s,Reines Max,8,Reines placees,0
Solutions,0,Building time,0.000s,Reines Max,13,Reines placees,8
Solutions,1,Building time,0.000s,Reines Max,14,Reines placees,3
Solutions,1,Building time,0.000s,Reines Max,4,Reines placees,0
Solutions,1,Building time,0.000s,Reines Max,8,Reines placees,3
Solutions,1,Building time,0.000s,Reines Max,5,Reines placees,0
Solutions,1,Building time,0.000s,Reines Max,18,Reines placees,7
Solutions,0,Building time,0.000s,Reines Max,2,Reines placees,0
Solutions,0,Building time,0.000s,Reines Max,3,Reines placees,0
Solutions,1,Building time,0.000s,Reines Max,17,Reines placees,2
Solutions,1,Building time,0.000s,Reines Max,4,Reines placees,0
Solutions,1,Building time,0.000s,Reines Max,16,Reines placees,1
Solutions,1,Building time,0.000s,Reines Max,7,Reines placees,4
Solutions,1,Building time,0.000s,Reines Max,7,Reines placees,1
Solutions,0,Building time,0.000s,Reines Max,19,Reines placees,16
Solutions,1,Building time,0.000s,Reines Max,19,Reines placees,6
Solutions,0,Building time,0.000s,Reines Max,9,Reines placees,5
Solutions,1,Building time,0.000s,Reines Max,9,Reines placees,0
Solutions,1,Building time,0.000s,Reines Max,19,Reines placees,14
Solutions,1,Building time,0.000s,Reines Max,1,Reines placees,0
Solutions,1,Building time,0.000s,Reines Max,1,Reines placees,0
Solutions,1,Building time,0.000s,Reines Max,19,Reines placees,2
Solutions,0,Building time,0.000s,Reines Max,11,Reines placees,6
Solutions,0,Building time,0.000s,Reines Max,9,Reines placees,4
Solutions,0,Building time,0.000s,Reines Max,9,Reines placees,3
Solutions,0,Building time,0.000s,Reines Max,3,Reines placees,1
Solutions,1,Building time,0.000s,Reines Max,4,Reines placees,0
Solutions,0,Building time,0.000s,Reines Max,7,Reines placees,3
Solutions,0,Building time,0.000s,Reines Max,16,Reines placees,11
Solutions,0,Building time,0.000s,Reines Max,15,Reines placees,7
Solutions,0,Building time,0.000s,Reines Max,9,Reines placees,5
Solutions,1,Building time,0.000s,Reines Max,7,Reines placees,0
Solutions,0,Building time,0.000s,Reines Max,19,Reines placees,16
Solutions,1,Building time,0.000s,Reines Max,9,Reines placees,1
Solutions,1,Building time,0.000s,Reines Max,5,Reines placees,0
Solutions,1,Building time,0.000s,Reines Max,5,Reines placees,3
Solutions,1,Building time,0.000s,Reines Max,4,Reines placees,2
Solutions,0,Building time,0.000s,Reines Max,3,Reines placees,0
Solutions,0,Building time,0.000s,Reines Max,6,Reines placees,3
Solutions,0,Building time,0.000s,Reines Max,6,Reines placees,1
Solutions,1,Building time,0.000s,Reines Max,16,Reines placees,1
Solutions,0,Building time,0.000s,Reines Max,16,Reines placees,6
Solutions,1,Building time,0.000s,Reines Max,17,Reines placees,5
Solutions,0,Building time,0.000s,Reines Max,5,Reines placees,2
Solutions,1,Building time,0.000s,Reines Max,6,Reines placees,0
Solutions,1,Building time,0.000s,Reines Max,8,Reines placees,3
Solutions,1,Building time,0.000s,Reines Max,13,Reines placees,3
Solutions,1,Building time,0.000s,Reines Max,5,Reines placees,2
Solutions,1,Building time,0.000s,Reines Max,13,Reines placees,0
Solutions,0,Building time,0.000s,Reines Max,16,Reines placees,13
Solutions,1,Building time,0.000s,Reines Max,18,Reines placees,2
Solutions,1,Building time,0.000s,Reines Max,5,Reines placees,2
Solutions,1,Building time,0.000s,Reines Max,5,Reines placees,1
Solutions,0,Building time,0.000s,Reines Max,9,Reines placees,7
Solutions,1,Building time,0.000s,Reines Max,10,Reines placees,2
Solutions,1,Building time,0.000s,Reines Max,16,Reines placees,2
Solutions,0,Building time,0.000s,Reines Max,11,Reines placees,8
Solutions,0,Building time,0.000s,Reines Max,14,Reines placees,8
Solutions,0,Building time,0.000s,Reines Max,9,Reines placees,6
Solutions,0,Building time,0.000s,Reines Max,18,Reines placees,16
Solutions,0,Building time,0.000s,Reines Max,17,Reines placees,10
Solutions,1,Building time,0.000s,Reines Max,5,Reines placees,0
Solutions,0,Building time,0.000s,Reines Max,2,Reines placees,0
Solutions,1,Building time,0.000s,Reines Max,10,Reines placees,6
Solutions,0,Building time,0.000s,Reines Max,19,Reines placees,13
Solutions,1,Building time,0.000s,Reines Max,8,Reines placees,1
Solutions,1,Building time,0.000s,Reines Max,14,Reines placees,4
Solutions,1,Building time,0.000s,Reines Max,19,Reines placees,0
Solutions,1,Building time,0.000s,Reines Max,19,Reines placees,0
Solutions,1,Building time,0.000s,Reines Max,12,Reines placees,1
Solutions,0,Building time,0.000s,Reines Max,11,Reines placees,6
Solutions,1,Building time,0.000s,Reines Max,5,Reines placees,3
Solutions,0,Building time,0.000s,Reines Max,2,Reines placees,0
Solutions,0,Building time,0.000s,Reines Max,19,Reines placees,17
Solutions,1,Building time,0.000s,Reines Max,15,Reines placees,1
Solutions,0,Building time,0.000s,Reines Max,3,Reines placees,1
Solutions,1,Building time,0.000s,Reines Max,7,Reines placees,1
Solutions,0,Building time,0.000s,Reines Max,17,Reines placees,11
Solutions,0,Building time,0.000s,Reines Max,3,Reines placees,0
Solutions,0,Building time,0.000s,Reines Max,2,Reines placees,0
Solutions,1,Building time,0.000s,Reines Max,19,Reines placees,1
Solutions,1,Building time,0.000s,Reines Max,18,Reines placees,4
Solutions,0,Building time,0.000s,Reines Max,14,Reines placees,9
Solutions,0,Building time,0.000s,Reines Max,13,Reines placees,9
Solutions,0,Building time,0.000s,Reines Max,11,Reines placees,8
Solutions,1,Building time,0.000s,Reines Max,17,Reines placees,7
Solutions,0,Building time,0.000s,Reines Max,13,Reines placees,9
Solutions,1,Building time,0.000s,Reines Max,10,Reines placees,1
Solutions,1,Building time,0.000s,Reines Max,19,Reines placees,7
Solutions,0,Building time,0.000s,Reines Max,10,Reines placees,6
Solutions,1,Building time,0.000s,Reines Max,9,Reines placees,2
Solutions,1,Building time,0.000s,Reines Max,18,Reines placees,7
Solutions,0,Building time,0.000s,Reines Max,15,Reines placees,8
Solutions,1,Building time,0.000s,Reines Max,14,Reines placees,0
Solutions,0,Building time,0.000s,Reines Max,19,Reines placees,10
Solutions,0,Building time,0.000s,Reines Max,18,Reines placees,11
Solutions,1,Building time,0.000s,Reines Max,19,Reines placees,1
Solutions,0,Building time,0.000s,Reines Max,14,Reines placees,12
Solutions,0,Building time,0.000s,Reines Max,3,Reines placees,1
Solutions,1,Building time,0.000s,Reines Max,5,Reines placees,3
Solutions,0,Building time,0.000s,Reines Max,15,Reines placees,9
Solutions,1,Building time,0.000s,Reines Max,1,Reines placees,0
Solutions,0,Building time,0.000s,Reines Max,14,Reines placees,7
Solutions,0,Building time,0.000s,Reines Max,13,Reines placees,11
Solutions,1,Building time,0.000s,Reines Max,14,Reines placees,1
Solutions,1,Building time,0.000s,Reines Max,1,Reines placees,0
Solutions,0,Building time,0.000s,Reines Max,12,Reines placees,7
Solutions,0,Building time,0.000s,Reines Max,3,Reines placees,0
Solutions,0,Building time,0.000s,Reines Max,7,Reines placees,3
Solutions,0,Building time,0.000s,Reines Max,13,Reines placees,5
Solutions,1,Building time,0.000s,Reines Max,11,Reines placees,1
Solutions,0,Building time,0.000s,Reines Max,2,Reines placees,0
Solutions,1,Building time,0.000s,Reines Max,18,Reines placees,8
Solutions,1,Building time,0.000s,Reines Max,7,Reines placees,0
Solutions,0,Building time,0.000s,Reines Max,18,Reines placees,14
Solutions,0,Building time,0.000s,Reines Max,15,Reines placees,11
Solutions,0,Building time,0.000s,Reines Max,3,Reines placees,1
Solutions,1,Building time,0.000s,Reines Max,9,Reines placees,4
Solutions,0,Building time,0.000s,Reines Max,2,Reines placees,0
Solutions,1,Building time,0.000s,Reines Max,16,Reines placees,9
Solutions,0,Building time,0.000s,Reines Max,3,Reines placees,0
Solutions,1,Building time,0.000s,Reines Max,7,Reines placees,3
Solutions,1,Building time,0.000s,Reines Max,15,Reines placees,4
Solutions,1,Building time,0.000s,Reines Max,15,Reines placees,4
Solutions,1,Building time,0.000s,Reines Max,7,Reines placees,2
Solutions,1,Building time,0.000s,Reines Max,15,Reines placees,1
Solutions,1,Building time,0.000s,Reines Max,14,Reines placees,1
Solutions,1,Building time,0.000s,Reines Max,4,Reines placees,0
Solutions,1,Building time,0.000s,Reines Max,10,Reines placees,1
Solutions,1,Building time,0.000s,Reines Max,17,Reines placees,0
Solutions,0,Building time,0.000s,Reines Max,14,Reines placees,12
Solutions,1,Building time,0.000s,Reines Max,5,Reines placees,2
Solutions,0,Building time,0.000s,Reines Max,2,Reines placees,0
Solutions,0,Building time,0.000s,Reines Max,11,Reines placees,8
Solutions,1,Building time,0.000s,Reines Max,5,Reines placees,1
Solutions,0,Building time,0.000s,Reines Max,17,Reines placees,8
Solutions,0,Building time,0.000s,Reines Max,14,Reines placees,11
Solutions,1,Building time,0.000s,Reines Max,5,Reines placees,2
Solutions,1,Building time,0.000s,Reines Max,19,Reines placees,8
Solutions,1,Building time,0.000s,Reines Max,7,Reines placees,0
Solutions,1,Building time,0.000s,Reines Max,12,Reines placees,3
Solutions,0,Building time,0.000s,Reines Max,3,Reines placees,1
Solutions,0,Building time,0.000s,Reines Max,12,Reines placees,8
Solutions,0,Building time,0.000s,Reines Max,2,Reines placees,0
Solutions,0,Building time,0.000s,Reines Max,18,Reines placees,16
Solutions,0,Building time,0.000s,Reines Max,2,Reines placees,0
Solutions,1,Building time,0.000s,Reines Max,9,Reines placees,0
Solutions,1,Building time,0.000s,Reines Max,7,Reines placees,4
Solutions,0,Building time,0.000s,Reines Max,8,Reines placees,6
Solutions,0,Building time,0.000s,Reines Max,7,Reines placees,5
Solutions,1,Building time,0.000s,Reines Max,6,Reines placees,0
Solutions,1,Building time,0.000s,Reines Max,6,Reines placees,0
Solutions,0,Building time,0.000s,Reines Max,13,Reines placees,8
Solutions,1,Building time,0.000s,Reines Max,8,Reines placees,4
Solutions,0,Building time,0.000s,Reines Max,3,Reines placees,1
Solutions,1,Building time,0.000s,Reines Max,8,Reines placees,1
Solutions,0,Building time,0.000s,Reines Max,18,Reines placees,12
Solutions,1,Building time,0.000s,Reines Max,9,Reines placees,1
Solutions,1,Building time,0.000s,Reines Max,15,Reines placees,4
Solutions,1,Building time,0.000s,Reines Max,15,Reines placees,7
Solutions,0,Building time,0.000s,Reines Max,16,Reines placees,9
Solutions,0,Building time,0.000s,Reines Max,3,Reines placees,1
Solutions,0,Building time,0.000s,Reines Max,10,Reines placees,4
Solutions,0,Building time,0.000s,Reines Max,2,Reines placees,0
Solutions,1,Building time,0.000s,Reines Max,17,Reines placees,10
Solutions,1,Building time,0.000s,Reines Max,9,Reines placees,6
Solutions,1,Building time,0.000s,Reines Max,14,Reines placees,3
Solutions,1,Building time,0.000s,Reines Max,1,Reines placees,0
Solutions,0,Building time,0.000s,Reines Max,10,Reines placees,4
Solutions,1,Building time,0.000s,Reines Max,12,Reines placees,3
Solutions,1,Building time,0.000s,Reines Max,1,Reines placees,0
Solutions,1,Building time,0.000s,Reines Max,5,Reines placees,0
Solutions,1,Building time,0.000s,Reines Max,18,Reines placees,0
Solutions,1,Building time,0.000s,Reines Max,6,Reines placees,0
Solutions,1,Building time,0.000s,Reines Max,9,Reines placees,2
Solutions,0,Building time,0.000s,Reines Max,12,Reines placees,9
Solutions,1,Building time,0.000s,Reines Max,5,Reines placees,1
Solutions,1,Building time,0.000s,Reines Max,5,Reines placees,3
Solutions,1,Building time,0.000s,Reines Max,16,Reines placees,10
Solutions,1,Building time,0.000s,Reines Max,13,Reines placees,3
Solutions,0,Building time,0.000s,Reines Max,7,Reines placees,5
Solutions,1,Building time,0.000s,Reines Max,4,Reines placees,1
Solutions,0,Building time,0.000s,Reines Max,13,Reines placees,11
Solutions,0,Building time,0.000s,Reines Max,19,Reines placees,16
Solutions,1,Building time,0.000s,Reines Max,14,Reines placees,5
Solutions,0,Building time,0.000s,Reines Max,3,Reines placees,0
Solutions,0,Building time,0.000s,Reines Max,11,Reines placees,7
Solutions,1,Building time,0.000s,Reines Max,9,Reines placees,1
Solutions,0,Building time,0.000s,Reines Max,3,Reines placees,1
Solutions,1,Building time,0.000s,Reines Max,18,Reines placees,13
Solutions,0,Building time,0.000s,Reines Max,12,Reines placees,5
Solutions,0,Building time,0.000s,Reines Max,12,Reines placees,7
Solutions,0,Building time,0.000s,Reines Max,2,Reines placees,0
Solutions,0,Building time,0.000s,Reines Max,17,Reines placees,14
Solutions,0,Building time,0.000s,Reines Max,11,Reines placees,5
Solutions,0,Building time,0.000s,Reines Max,18,Reines placees,12
Solutions,0,Building time,0.000s,Reines Max,10,Reines placees,7
Solutions,1,Building time,0.000s,Reines Max,14,Reines placees,4
Solutions,1,Building time,0.000s,Reines Max,18,Reines placees,4
Solutions,1,Building time,0.000s,Reines Max,9,Reines placees,0
Solutions,0,Building time,0.000s,Reines Max,14,Reines placees,12
Solutions,1,Building time,0.000s,Reines Max,10,Reines placees,3
Solutions,0,Building time,0.000s,Reines Max,13,Reines placees,6
Solutions,0,Building time,0.000s,Reines Max,14,Reines placees,12
Solutions,0,Building time,0.000s,Reines Max,7,Reines placees,5
Solutions,1,Building time,0.000s,Reines Max,8,Reines placees,2
Solutions,0,Building time,0.000s,Reines Max,11,Reines placees,6
Solutions,1,Building time,0.000s,Reines Max,7,Reines placees,3
Solutions,1,Building time,0.000s,Reines Max,14,Reines placees,4
Solutions,1,Building time,0.000s,Reines Max,1,Reines placees,0
Solutions,1,Building time,0.000s,Reines Max,15,Reines placees,5
Solutions,0,Building time,0.000s,Reines Max,14,Reines placees,7
Solutions,0,Building time,0.000s,Reines Max,2,Reines placees,0
Solutions,1,Building time,0.000s,Reines Max,5,Reines placees,1
Solutions,1,Building time,0.000s,Reines Max,1,Reines placees,0
